idx,desc,long,dtype
201,Clinical Syndrome (PCI),1. Stable,Text (single value)
201,Clinical Syndrome (PCI),2. Acute Coronary Syndrome (ACS/AMI),Text (single value)
201,Clinical Syndrome (PCI),9. Unknown,Text (single value)
202,Indication for Intervention,1. Stable - angina,Text (single value)
202,Indication for Intervention,2. Stable - coronary/LV anatomy,Text (single value)
202,Indication for Intervention,"3. ACS - UA, NSTEMI or convalescent STEMI",Text (single value)
202,Indication for Intervention,4. ACS - Primary PCI for STEMI (no lysis),Text (single value)
202,Indication for Intervention,5. ACS - Facilitated PCI for STEMI (lysis + PCI),Text (single value)
202,Indication for Intervention,6. ACS - Rescue PCI for STEMI (failed lysis),Text (single value)
202,Indication for Intervention,7. ACS - PCI for reinfarction (no lysis),Text (single value)
202,Indication for Intervention,8. ACS - Rescue PCI for reinfarction (failed lysis),Text (single value)
202,Indication for Intervention,9. Staged procedure,Text (single value)
202,Indication for Intervention,10. Hybrid procedure,Text (single value)
202,Indication for Intervention,11. Acute or subacute PCI thrombosis,Text (single value)
202,Indication for Intervention,12. Bail out following acute complication of diagnostic cardiac catheterisation,Text (single value)
202,Indication for Intervention,98. Unlisted,Text (single value)
202,Indication for Intervention,99. Unknown,Text (single value)
203,Procedure Urgency,1. Elective,Text (single value)
203,Procedure Urgency,2. Urgent,Text (single value)
203,Procedure Urgency,3. Emergency,Text (single value)
203,Procedure Urgency,4. Salvage,Text (single value)
203,Procedure Urgency,9. Unknown,Text (single value)
204,Cardiogenic shock (Pre-procedure),0. No,Text (single value)
204,Cardiogenic shock (Pre-procedure),1. Yes,Text (single value)
205,CCS Angina Status (Pre-procedure; Stable only),0. No angina,Text (single value)
205,CCS Angina Status (Pre-procedure; Stable only),1. No limitation of physical activity,Text (single value)
205,CCS Angina Status (Pre-procedure; Stable only),2. Slight limitation of ordinary activity,Text (single value)
205,CCS Angina Status (Pre-procedure; Stable only),3. Marked limitation of ordinary physical activity,Text (single value)
205,CCS Angina Status (Pre-procedure; Stable only),4. Symptoms at rest or minimal activity,Text (single value)
205,CCS Angina Status (Pre-procedure; Stable only),9. Unknown,Text (single value)
206,NYHA Dyspnoea Status (Pre-procedure; Stable only),1. No limitation of physical activity,Text (single value)
206,NYHA Dyspnoea Status (Pre-procedure; Stable only),2. Slight limitation of ordinary physical activity,Text (single value)
206,NYHA Dyspnoea Status (Pre-procedure; Stable only),3. Marked limitation of ordinary physical activity,Text (single value)
206,NYHA Dyspnoea Status (Pre-procedure; Stable only),4. Symptoms at rest or minimal activity,Text (single value)
206,NYHA Dyspnoea Status (Pre-procedure; Stable only),9. Unknown,Text (single value)
209,Admission route (ACS only),1. Direct to cardiac centre (from the community),Text (single value)
209,Admission route (ACS only),2. Interhospital transfer,Text (single value)
209,Admission route (ACS only),3. Already in cardiac centre,Text (single value)
209,Admission route (ACS only),9. Unlisted,Text (single value)
210,Presenting ECG (ACS only),0. No acute changes,Text (single value)
210,Presenting ECG (ACS only),1. ST elevation/LBBB,Text (single value)
210,Presenting ECG (ACS only),2. ST depression,Text (single value)
210,Presenting ECG (ACS only),3. T wave changes,Text (single value)
210,Presenting ECG (ACS only),4. Other acute change,Text (single value)
210,Presenting ECG (ACS only),9. Unknown,Text (single value)
211,Recent Lysis (ACS only),0. No,Text (single value)
211,Recent Lysis (ACS only),1. Yes,Text (single value)
211,Recent Lysis (ACS only),9. Unknown,Text (single value)
212,Cardiac Enzymes/Markers Raised,0. No,Text (single value)
212,Cardiac Enzymes/Markers Raised,1. Yes,Text (single value)
212,Cardiac Enzymes/Markers Raised,9. Unknown,Text (single value)
213,Previous MI,0. No,Text (single value)
213,Previous MI,1. Yes,Text (single value)
213,Previous MI,9. Unknown,Text (single value)
214,Previous CABG,0. No,Text (single value)
214,Previous CABG,1. Yes,Text (single value)
214,Previous CABG,9. Unknown,Text (single value)
215,Previous PCI,0. No,Text (single value)
215,Previous PCI,1. Yes,Text (single value)
215,Previous PCI,9. Unknown,Text (single value)
216,Diabetes,0. Not Diabetic,Text (single value)
216,Diabetes,1. Diabetes (dietary control),Text (single value)
216,Diabetes,2. Diabetes (oral medicine),Text (single value)
216,Diabetes,3. Diabetes (insulin),Text (single value)
216,Diabetes,4. Newly diagnosed diabetes,Text (single value)
216,Diabetes,9. Unknown,Text (single value)
219,LV Ejection Fraction Category,1. Good (LVEF >= 50%),Text (single value)
219,LV Ejection Fraction Category,2. Fair (LVEF 30-49%),Text (single value)
219,LV Ejection Fraction Category,3. Poor (LVEF < 30%),Text (single value)
219,LV Ejection Fraction Category,9. Not measured,Text (single value)
220,LV Ejection Fraction,,Numeric (integer)
221,Number grafts present (Pre-operation),,Numeric (integer)
222,Number grafts patent (Pre-operation),,Numeric (integer)
223,Left Main Stem Stenosis (Pre-PCI),0. 0%,Text (single value)
223,Left Main Stem Stenosis (Pre-PCI),1. 1-49%,Text (single value)
223,Left Main Stem Stenosis (Pre-PCI),2. 50-74%,Text (single value)
223,Left Main Stem Stenosis (Pre-PCI),3. 75-94%,Text (single value)
223,Left Main Stem Stenosis (Pre-PCI),4. 95-99%,Text (single value)
223,Left Main Stem Stenosis (Pre-PCI),5. 100%,Text (single value)
224,LAD Proximal Stenosis (Pre-PCI),0. 0%,Text (single value)
224,LAD Proximal Stenosis (Pre-PCI),1. 1-49%,Text (single value)
224,LAD Proximal Stenosis (Pre-PCI),2. 50-74%,Text (single value)
224,LAD Proximal Stenosis (Pre-PCI),3. 75-94%,Text (single value)
224,LAD Proximal Stenosis (Pre-PCI),4. 95-99%,Text (single value)
224,LAD Proximal Stenosis (Pre-PCI),5. 100%,Text (single value)
225,LAD Other Stenosis (Pre-PCI),0. 0%,Text (single value)
225,LAD Other Stenosis (Pre-PCI),1. 1-49%,Text (single value)
225,LAD Other Stenosis (Pre-PCI),2. 50-74%,Text (single value)
225,LAD Other Stenosis (Pre-PCI),3. 75-94%,Text (single value)
225,LAD Other Stenosis (Pre-PCI),4. 95-99%,Text (single value)
225,LAD Other Stenosis (Pre-PCI),5. 100%,Text (single value)
226,RCA Stenosis (Pre-PCI),0. 0%,Text (single value)
226,RCA Stenosis (Pre-PCI),1. 1-49%,Text (single value)
226,RCA Stenosis (Pre-PCI),2. 50-74%,Text (single value)
226,RCA Stenosis (Pre-PCI),3. 75-94%,Text (single value)
226,RCA Stenosis (Pre-PCI),4. 95-99%,Text (single value)
226,RCA Stenosis (Pre-PCI),5. 100%,Text (single value)
227,Cx Stenosis (Pre-PCI),0. 0%,Text (single value)
227,Cx Stenosis (Pre-PCI),1. 1-49%,Text (single value)
227,Cx Stenosis (Pre-PCI),2. 50-74%,Text (single value)
227,Cx Stenosis (Pre-PCI),3. 75-94%,Text (single value)
227,Cx Stenosis (Pre-PCI),4. 95-99%,Text (single value)
227,Cx Stenosis (Pre-PCI),5. 100%,Text (single value)
228,Flow in IRA PreOp (ACS only),0. TIMI 0,Text (single value)
228,Flow in IRA PreOp (ACS only),1. TIMI 1,Text (single value)
228,Flow in IRA PreOp (ACS only),2. TIMI 2,Text (single value)
228,Flow in IRA PreOp (ACS only),3. TIMI 3,Text (single value)
228,Flow in IRA PreOp (ACS only),9. Unknown,Text (single value)
304,Primary Operator status,1. Consultant,Text (single value)
304,Primary Operator status,2. Staff grade/Clinical Assistant,Text (single value)
304,Primary Operator status,3. SpR,Text (single value)
304,Primary Operator status,4. Other trainee,Text (single value)
304,Primary Operator status,9. Unlisted,Text (single value)
306,Second Operator status,1. Consultant,Text (single value)
306,Second Operator status,2. Staff grade/Clinical Assistant,Text (single value)
306,Second Operator status,3.SpR,Text (single value)
306,Second Operator status,4. Other trainee,Text (single value)
306,Second Operator status,9. Unlisted,Text (single value)
308,Third Operator status,1. Consultant,Text (single value)
308,Third Operator status,2. Staff grade/Clinical Assistant,Text (single value)
308,Third Operator status,3. SpR,Text (single value)
308,Third Operator status,4. Other trainee,Text (single value)
308,Third Operator status,9. Unlisted,Text (single value)
309,Vessels attempted,1. Graft(s),Text (multivalue; separated)
309,Vessels attempted,2. LMain,Text (multivalue; separated)
309,Vessels attempted,3. LADprox,Text (multivalue; separated)
309,Vessels attempted,4. LADother,Text (multivalue; separated)
309,Vessels attempted,5. LCX,Text (multivalue; separated)
309,Vessels attempted,6. RCA,Text (multivalue; separated)
310,Number of vessels attempted (not epicardial territories),,Numeric (integer)
311,Number of lesions attempted,,Numeric (integer)
312,Number of Chronic Occlusions attempted,,Numeric (integer)
313,Number Restenoses attempted,,Numeric (integer)
314,Number Instent stenoses attempted,,Numeric (integer)
315,Number Stents used,,Numeric (integer)
316,Number Drug-eluting stents used,,Numeric (integer)
317,"Drug(s) eluted by stent(s)
(drug based stents)",0. None,Text (multivalue; separated)
317,"Drug(s) eluted by stent(s)
(drug based stents)",1. Taxus liberte (Boston Scientific),Text (multivalue; separated)
317,"Drug(s) eluted by stent(s)
(drug based stents)",2. Cypher (including cypher select) (Cordis),Text (multivalue; separated)
317,"Drug(s) eluted by stent(s)
(drug based stents)",3. Achieve,Text (multivalue; separated)
317,"Drug(s) eluted by stent(s)
(drug based stents)",4. Dexamet (Abbott),Text (multivalue; separated)
317,"Drug(s) eluted by stent(s)
(drug based stents)",5. Endeavor (Medtronic),Text (multivalue; separated)
317,"Drug(s) eluted by stent(s)
(drug based stents)",6. CoStar (Conor),Text (multivalue; separated)
317,"Drug(s) eluted by stent(s)
(drug based stents)",7. Janus (Sorin),Text (multivalue; separated)
317,"Drug(s) eluted by stent(s)
(drug based stents)",8. Xience V (Abbott),Text (multivalue; separated)
317,"Drug(s) eluted by stent(s)
(drug based stents)",9. Lekton Magic (Biotronik),Text (multivalue; separated)
317,"Drug(s) eluted by stent(s)
(drug based stents)",10. Promus (Boston Scientific),Text (multivalue; separated)
317,"Drug(s) eluted by stent(s)
(drug based stents)",11. Coroflex Please (Braun),Text (multivalue; separated)
317,"Drug(s) eluted by stent(s)
(drug based stents)",12. Genous (Orbus Neich),Text (multivalue; separated)
317,"Drug(s) eluted by stent(s)
(drug based stents)",13. BioMatrix (Biosensors) ,Text (multivalue; separated)
317,"Drug(s) eluted by stent(s)
(drug based stents)",14. Endeavor Resolute (Medtronic),Text (multivalue; separated)
317,"Drug(s) eluted by stent(s)
(drug based stents)",15. Nobori (Terumo) ,Text (multivalue; separated)
317,"Drug(s) eluted by stent(s)
(drug based stents)",16. Titan-2 (Hexacath),Text (multivalue; separated)
317,"Drug(s) eluted by stent(s)
(drug based stents)",17. Pico Elite (AMG),Text (multivalue; separated)
317,"Drug(s) eluted by stent(s)
(drug based stents)",18. Taxcor (Eurocor),Text (multivalue; separated)
317,"Drug(s) eluted by stent(s)
(drug based stents)",19. Yukon (Translumina),Text (multivalue; separated)
317,"Drug(s) eluted by stent(s)
(drug based stents)",20. Axxion (Biosensors),Text (multivalue; separated)
317,"Drug(s) eluted by stent(s)
(drug based stents)",21. Infinnium (SMT),Text (multivalue; separated)
317,"Drug(s) eluted by stent(s)
(drug based stents)",22. Millennium matrix (SMT),Text (multivalue; separated)
317,"Drug(s) eluted by stent(s)
(drug based stents)",23. Apollo (Intek),Text (multivalue; separated)
317,"Drug(s) eluted by stent(s)
(drug based stents)",24. Euca TAX (CEEA Medical),Text (multivalue; separated)
317,"Drug(s) eluted by stent(s)
(drug based stents)",25. Promus Element (Boston Scientific),Text (multivalue; separated)
317,"Drug(s) eluted by stent(s)
(drug based stents)",26. Xience Prime,Text (multivalue; separated)
317,"Drug(s) eluted by stent(s)
(drug based stents)",27. Resolute Integrity (Medtronic),Text (multivalue; separated)
317,"Drug(s) eluted by stent(s)
(drug based stents)",28. Nevo (Cordis),Text (multivalue; separated)
317,"Drug(s) eluted by stent(s)
(drug based stents)",29. Taxus Element (Boston Scientific),Text (multivalue; separated)
317,"Drug(s) eluted by stent(s)
(drug based stents)",30. Synergy (Boston Scientific),Text (multivalue; separated)
317,"Drug(s) eluted by stent(s)
(drug based stents)",31. Promus premier (Boston Scientific),Text (multivalue; separated)
317,"Drug(s) eluted by stent(s)
(drug based stents)",32. BioFreedom (Biosensors),Text (multivalue; separated)
317,"Drug(s) eluted by stent(s)
(drug based stents)",33. Combo (Orbus),Text (multivalue; separated)
317,"Drug(s) eluted by stent(s)
(drug based stents)",34. Mguard (InspireMD),Text (multivalue; separated)
317,"Drug(s) eluted by stent(s)
(drug based stents)",35. Xience Pro (Abbott),Text (multivalue; separated)
317,"Drug(s) eluted by stent(s)
(drug based stents)",36. Absorb BVS (Abbott),Text (multivalue; separated)
317,"Drug(s) eluted by stent(s)
(drug based stents)",37. Yukon Choice PC (Translumina),Text (multivalue; separated)
317,"Drug(s) eluted by stent(s)
(drug based stents)",38. BioMime (Meril),Text (multivalue; separated)
317,"Drug(s) eluted by stent(s)
(drug based stents)",39. Ultimaster (Terumo),Text (multivalue; separated)
317,"Drug(s) eluted by stent(s)
(drug based stents)",40. Resolute Onyx (Medtronic),Text (multivalue; separated)
317,"Drug(s) eluted by stent(s)
(drug based stents)",41. Stentys (Stentys),Text (multivalue; separated)
317,"Drug(s) eluted by stent(s)
(drug based stents)",42. Synergy (Boston),Text (multivalue; separated)
317,"Drug(s) eluted by stent(s)
(drug based stents)",43. Axxess (Biosensors),Text (multivalue; separated)
317,"Drug(s) eluted by stent(s)
(drug based stents)",44. DESolve (Elixir),Text (multivalue; separated)
317,"Drug(s) eluted by stent(s)
(drug based stents)",45. DREAMS (Biotronik),Text (multivalue; separated)
317,"Drug(s) eluted by stent(s)
(drug based stents)",46. Orsiro (Biotronik),Text (multivalue; separated)
317,"Drug(s) eluted by stent(s)
(drug based stents)",47. Papyrus (Biotronik),Text (multivalue; separated)
317,"Drug(s) eluted by stent(s)
(drug based stents)",48. Graft master (Abbott),Text (multivalue; separated)
317,"Drug(s) eluted by stent(s)
(drug based stents)",49. Over and Under (ITGI),Text (multivalue; separated)
317,"Drug(s) eluted by stent(s)
(drug based stents)",50. BeGraft (Bentley),Text (multivalue; separated)
317,"Drug(s) eluted by stent(s)
(drug based stents)",51. Magmaris (Biotronik),Text (multivalue; separated)
317,"Drug(s) eluted by stent(s)
(drug based stents)",52. EluNIR (Cordis Cardinal Health),Text (multivalue; separated)
317,"Drug(s) eluted by stent(s)
(drug based stents)",53. Xience Alpine (Abbott),Text (multivalue; separated)
317,"Drug(s) eluted by stent(s)
(drug based stents)",54. Xience Sierra (Abbott),Text (multivalue; separated)
317,"Drug(s) eluted by stent(s)
(drug based stents)",55. Supraflex (SMT),Text (multivalue; separated)
317,"Drug(s) eluted by stent(s)
(drug based stents)",56. Supraflex Cruz (SMT),Text (multivalue; separated)
317,"Drug(s) eluted by stent(s)
(drug based stents)",57. Supralimus (SMT),Text (multivalue; separated)
317,"Drug(s) eluted by stent(s)
(drug based stents)",99. Unlisted,Text (multivalue; separated)
318,GP IIb/IIIa drug(s) used during procedure,0. None,Text (multivalue; separated)
318,GP IIb/IIIa drug(s) used during procedure,1. Abciximab,Text (multivalue; separated)
318,GP IIb/IIIa drug(s) used during procedure,2. Eptifibitide,Text (multivalue; separated)
318,GP IIb/IIIa drug(s) used during procedure,3. Tirofiban,Text (multivalue; separated)
318,GP IIb/IIIa drug(s) used during procedure,99. Unlisted,Text (multivalue; separated)
319,Diagnostic device(s) used during procedure,0. None,Text (multivalue; separated)
319,Diagnostic device(s) used during procedure,1. IVUS,Text (multivalue; separated)
319,Diagnostic device(s) used during procedure,2.  Pressure wire (or any other HYPERAEMIC based index of coronary stenosis),Text (multivalue; separated)
319,Diagnostic device(s) used during procedure,3. Flow wire,Text (multivalue; separated)
319,Diagnostic device(s) used during procedure,4. Angioscope,Text (multivalue; separated)
319,Diagnostic device(s) used during procedure,5. 3D electromechanical mapping,Text (multivalue; separated)
319,Diagnostic device(s) used during procedure,6. OCT (Optical Coherence Tomography) or similar,Text (multivalue; separated)
319,Diagnostic device(s) used during procedure,"7. iFR, RFR, dPR (or any other NON HYPERAEMIC index of coronary stenosis)",Text (multivalue; separated)
319,Diagnostic device(s) used during procedure,8. NIRS (Near infra-red spectroscopy),Text (multivalue; separated)
319,Diagnostic device(s) used during procedure,99. Unlisted,Text (multivalue; separated)
320,Procedural device(s) used,0. None,Text (multivalue; separated)
320,Procedural device(s) used,1. Directional atherectomy,Text (multivalue; separated)
320,Procedural device(s) used,2. Rotational atherectomy (legacy device),Text (multivalue; separated)
320,Procedural device(s) used,3. Cutting balloon,Text (multivalue; separated)
320,Procedural device(s) used,4. Laser wire,Text (multivalue; separated)
320,Procedural device(s) used,5. Laser angioplasty,Text (multivalue; separated)
320,Procedural device(s) used,6. Intracoronary drug delivery,Text (multivalue; separated)
320,Procedural device(s) used,7. Intramyocardial laser,Text (multivalue; separated)
320,Procedural device(s) used,8. Intramyocardial injection,Text (multivalue; separated)
320,Procedural device(s) used,9. Tornus,Text (multivalue; separated)
320,Procedural device(s) used,10. Corsair,Text (multivalue; separated)
320,Procedural device(s) used,11. Finecross (or any other microcatheter not in list),Text (multivalue; separated)
320,Procedural device(s) used,12. CrossBoss,Text (multivalue; separated)
320,Procedural device(s) used,13. Stingray,Text (multivalue; separated)
320,Procedural device(s) used,14. Drug eluting balloon,
320,Procedural device(s) used,15. Shockwave balloon,
320,Procedural device(s) used,16. Coronary sinus occlusion device – PICSO (Miracor),
320,Procedural device(s) used,17. Rotational atherectomy (Rotapro device),
320,Procedural device(s) used,99. Unlisted,Text (multivalue; separated)
321,Athero-thrombus removal device(s) used,0. None,Text (multivalue; separated)
321,Athero-thrombus removal device(s) used,1. TEC,Text (multivalue; separated)
321,Athero-thrombus removal device(s) used,2. X-sizer,Text (multivalue; separated)
321,Athero-thrombus removal device(s) used,3. Rescue,Text (multivalue; separated)
321,Athero-thrombus removal device(s) used,4. Angiojet,Text (multivalue; separated)
321,Athero-thrombus removal device(s) used,5. Acolysis,Text (multivalue; separated)
321,Athero-thrombus removal device(s) used,6. Export catheter,Text (multivalue; separated)
321,Athero-thrombus removal device(s) used,7. Diver catheter,Text (multivalue; separated)
321,Athero-thrombus removal device(s) used,8. QuickCat,Text (multivalue; separated)
321,Athero-thrombus removal device(s) used,9. Thrombcat,Text (multivalue; separated)
321,Athero-thrombus removal device(s) used,10. Pronto,Text (multivalue; separated)
321,Athero-thrombus removal device(s) used,11. Hunter,Text (multivalue; separated)
321,Athero-thrombus removal device(s) used,12. Eliminate,Text (multivalue; separated)
321,Athero-thrombus removal device(s) used,13. QXT extraction catheter,Text (multivalue; separated)
321,Athero-thrombus removal device(s) used,99. Unlisted,Text (multivalue; separated)
322,Brachytherapy device(s) used,0. None,Text (multivalue; separated)
322,Brachytherapy device(s) used,1. Novoste Betacath,Text (multivalue; separated)
322,Brachytherapy device(s) used,2. Guidant Galileo,Text (multivalue; separated)
322,Brachytherapy device(s) used,99. Unlisted,Text (multivalue; separated)
323,Emboli protection device(s) used,0. None,Text (multivalue; separated)
323,Emboli protection device(s) used,1. Percusurge,Text (multivalue; separated)
323,Emboli protection device(s) used,2. Angioguard,Text (multivalue; separated)
323,Emboli protection device(s) used,3. Filter Wire,Text (multivalue; separated)
323,Emboli protection device(s) used,4. Spider,Text (multivalue; separated)
323,Emboli protection device(s) used,5. CardioShield,Text (multivalue; separated)
323,Emboli protection device(s) used,6. EmboShield,Text (multivalue; separated)
323,Emboli protection device(s) used,99. Unlisted,Text (multivalue; separated)
324,Circulatory support,0. None,Text (multivalue; separated)
324,Circulatory support,1. Inotropes,Text (multivalue; separated)
324,Circulatory support,2. IABP,Text (multivalue; separated)
324,Circulatory support,3. CPS,Text (multivalue; separated)
324,Circulatory support,4. Impella,Text (multivalue; separated)
324,Circulatory support,5. Lucas,Text (multivalue; separated)
324,Circulatory support,6. Autopulse,Text (multivalue; separated)
324,Circulatory support,7. ECMO,Text (multivalue; separated)
324,Circulatory support,99. Unlisted,Text (multivalue; separated)
325,Arterial management,0. Manual pressure / clamp,Text (multivalue; separated)
325,Arterial management,1. FemoStop / Radistop / TR Band,Text (multivalue; separated)
325,Arterial management,2. Angioseal,Text (multivalue; separated)
325,Arterial management,3. Vasoseal,Text (multivalue; separated)
325,Arterial management,4. Perclose,Text (multivalue; separated)
325,Arterial management,5. Duett,Text (multivalue; separated)
325,Arterial management,6. Direct suture,Text (multivalue; separated)
325,Arterial management,7. Starclose,Text (multivalue; separated)
325,Arterial management,8. Clo-Sur P.A.D. (Medtronic),Text (multivalue; separated)
325,Arterial management,9. Prostar,Text (multivalue; separated)
325,Arterial management,10. ExoSeal,Text (multivalue; separated)
325,Arterial management,11. Mynx,Text (multivalue; separated)
325,Arterial management,99. Unlisted,Text (multivalue; separated)
327,Left Main Stem Stenosis (Post PCI),0. 0%,Text (single value)
327,Left Main Stem Stenosis (Post PCI),1. 1-49%,Text (single value)
327,Left Main Stem Stenosis (Post PCI),2. 50-74%,Text (single value)
327,Left Main Stem Stenosis (Post PCI),3. 75-94%,Text (single value)
327,Left Main Stem Stenosis (Post PCI),5. 95-99%,Text (single value)
327,Left Main Stem Stenosis (Post PCI),5. 100%,Text (single value)
328,LAD Proximal Stenosis (Post PCI),0. 0%,Text (single value)
328,LAD Proximal Stenosis (Post PCI),1. 1-49%,Text (single value)
328,LAD Proximal Stenosis (Post PCI),2. 50-74%,Text (single value)
328,LAD Proximal Stenosis (Post PCI),3. 75-94%,Text (single value)
328,LAD Proximal Stenosis (Post PCI),4. 95-99%,Text (single value)
328,LAD Proximal Stenosis (Post PCI),5. 100%,Text (single value)
329,LAD Other Stenosis (Post PCI),0. 0%,Text (single value)
329,LAD Other Stenosis (Post PCI),1. 1-49%,Text (single value)
329,LAD Other Stenosis (Post PCI),2. 50-74%,Text (single value)
329,LAD Other Stenosis (Post PCI),3. 75-94%,Text (single value)
329,LAD Other Stenosis (Post PCI),4. 95-99%,Text (single value)
329,LAD Other Stenosis (Post PCI),5. 100%,Text (single value)
330,RCA Stenosis (PCI),0. 0%,Text (single value)
330,RCA Stenosis (PCI),1. 1-49%,Text (single value)
330,RCA Stenosis (PCI),2. 50-74%,Text (single value)
330,RCA Stenosis (PCI),3. 75-94%,Text (single value)
330,RCA Stenosis (PCI),4. 95-99%,Text (single value)
330,RCA Stenosis (PCI),5. 100%,Text (single value)
331,Cx Stenosis (PCI),0. 0%,Text (single value)
331,Cx Stenosis (PCI),1. 1-49%,Text (single value)
331,Cx Stenosis (PCI),2. 50-74%,Text (single value)
331,Cx Stenosis (PCI),3. 75-94%,Text (single value)
331,Cx Stenosis (PCI),4. 95-99%,Text (single value)
331,Cx Stenosis (PCI),5. 100%,Text (single value)
332,Number Lesions Successful,,Numeric (integer)
333,Number coronary grafts patent PostOp,,Numeric (integer)
334,Flow in IRA PostOp (ACS),0. TIMI 0,Text (single value)
334,Flow in IRA PostOp (ACS),1. TIMI 1,Text (single value)
334,Flow in IRA PostOp (ACS),2. TIMI 2,Text (single value)
334,Flow in IRA PostOp (ACS),3. TIMI 3,Text (single value)
334,Flow in IRA PostOp (ACS),9. Unknown,Text (single value)
336,Device failure,0. No failure,Text (single value)
336,Device failure,1. Probably iatrogenic,Text (single value)
336,Device failure,2. Probably intrinsic,Text (single value)
336,Device failure,9. Unknown,Text (single value)
401,PCI Hospital Outcome,0. No complications,Text (multivalue; separated)
401,PCI Hospital Outcome,1. Q wave MI (stable angina and NSTEMI patients only),Text (multivalue; separated)
401,PCI Hospital Outcome,2. Non Q wave MI (stable angina patients only),Text (multivalue; separated)
401,PCI Hospital Outcome,3. Elective CABG,Text (multivalue; separated)
401,PCI Hospital Outcome,4. Emergency CABG,Text (multivalue; separated)
401,PCI Hospital Outcome,5. Arterial complication,Text (multivalue; separated)
401,PCI Hospital Outcome,6. Death,Text (multivalue; separated)
401,PCI Hospital Outcome,7. CVA - Embolic,Text (multivalue; separated)
401,PCI Hospital Outcome,8. CVA - Bleed,Text (multivalue; separated)
401,PCI Hospital Outcome,9. TIA/RIND,Text (multivalue; separated)
401,PCI Hospital Outcome,10. Re-intervention PCI,Text (multivalue; separated)
401,PCI Hospital Outcome,11. Re-cath (No PCI),Text (multivalue; separated)
401,PCI Hospital Outcome,12. Re-infarction (ACS only),Text (multivalue; separated)
401,PCI Hospital Outcome,13. Blood Transfusion,Text (multivalue; separated)
401,PCI Hospital Outcome,14. Renal failure/dialysis,Text (multivalue; separated)
401,PCI Hospital Outcome,15. GI bleed,Text (multivalue; separated)
401,PCI Hospital Outcome,16. Tamponade,Text (multivalue; separated)
401,PCI Hospital Outcome,17. Platelet Transfusion,Text (multivalue; separated)
401,PCI Hospital Outcome,99. Unlisted,Text (multivalue; separated)
402,Enzymes PostOp,0. Not elevated <= 2 x ULN,Text (single value)
402,Enzymes PostOp,2. Major elevation > 5 x ULN,Text (single value)
402,Enzymes PostOp,3. Elevation >2 and <=3 x ULN,Text (single value)
402,Enzymes PostOp,4. Elevation >3 and <= 5 x ULN,Text (single value)
402,Enzymes PostOp,9. Unknown,Text (single value)
403,Status at discharge,0. Alive,Text (single value)
403,Status at discharge,1. Dead,Text (single value)
403,Status at discharge,9. Unknown,Text (single value)
502,Cholesterol,,Numeric (real)
503,Smoking status,0. Never smoked,Text (single value)
503,Smoking status,1. Ex smoker,Text (single value)
503,Smoking status,2. Current smoker,Text (single value)
503,Smoking status,9. Unknown,Text (single value)
504,Family history of CAD,0. No,Text (single value)
504,Family history of CAD,1. Yes,Text (single value)
504,Family history of CAD,9. Unknown,Text (single value)
505,Medical history,0. None,Text (multivalue; separated)
505,Medical history,1. Hypercholesterolaemia,Text (multivalue; separated)
505,Medical history,2. Hypertension,Text (multivalue; separated)
505,Medical history,3. Peripheral vascular disease,Text (multivalue; separated)
505,Medical history,4. Cerebrovascular event,Text (multivalue; separated)
505,Medical history,5. Cardiac transplant,Text (multivalue; separated)
505,Medical history,6. Valvular heart disease,Text (multivalue; separated)
505,Medical history,7. Non coronary cardiac surgery,Text (multivalue; separated)
505,Medical history,99. Unknown,Text (multivalue; separated)
506,History of renal disease,0. No renal disease,Text (single value)
506,History of renal disease,1. Functioning transplant,Text (single value)
506,History of renal disease,2. Creatinine > 200 µmol/l,Text (single value)
506,History of renal disease,3. Acute renal failure: dialysis,Text (single value)
506,History of renal disease,4. Chronic renal failure: dialysis,Text (single value)
506,History of renal disease,9. Unknown,Text (single value)
507,Ventilated PreOp,0. No,Text (single value)
507,Ventilated PreOp,1. Yes,Text (single value)
507,Ventilated PreOp,9. Unknown,Text (single value)
508,Q Wave on ECG,0. No,Text (single value)
508,Q Wave on ECG,1. Yes,Text (single value)
508,Q Wave on ECG,9. Unknown,Text (single value)
509,ECG ischaemia,0. No,Text (single value)
509,ECG ischaemia,1. On resting ECG,Text (single value)
509,ECG ischaemia,2. On stress ECG,Text (single value)
509,ECG ischaemia,3. On perfusion scan,Text (single value)
509,ECG ischaemia,4. CT fractional flow reserve,
509,ECG ischaemia,5. QFR (Quantitative Flow Ratio or equivalent angiographic analysis of flow),
509,ECG ischaemia,9. Unknown,Text (single value)
510,Drug therapy PreOp,0. None,Text (multivalue; separated)
510,Drug therapy PreOp,1. Aspirin,Text (multivalue; separated)
510,Drug therapy PreOp,2. Ticlopidine,Text (multivalue; separated)
510,Drug therapy PreOp,3. Clopidogrel,Text (multivalue; separated)
510,Drug therapy PreOp,4. Heparin,Text (multivalue; separated)
510,Drug therapy PreOp,5. Warfarin,Text (multivalue; separated)
510,Drug therapy PreOp,6. Nitrates (iv or buccal),Text (multivalue; separated)
510,Drug therapy PreOp,7. Bivalirudin,Text (multivalue; separated)
510,Drug therapy PreOp,8. Prasugrel,Text (multivalue; separated)
510,Drug therapy PreOp,9. Ticagralor,Text (multivalue; separated)
510,Drug therapy PreOp,10. Cangrelor,Text (multivalue; separated)
510,Drug therapy PreOp,99. Unlisted,Text (multivalue; separated)
511,Follow on (Adhoc) procedure,0. No,Text (single value)
511,Follow on (Adhoc) procedure,1. Yes,Text (single value)
511,Follow on (Adhoc) procedure,9. Unknown,Text (single value)
512,Training procedure,0. No,Text (single value)
512,Training procedure,1. Yes,Text (single value)
512,Training procedure,9. Unknown,Text (single value)
513,Research procedure,0. No,Text (single value)
513,Research procedure,1. Yes,Text (single value)
513,Research procedure,9. Unknown,Text (single value)
515,Arterial access,1. RFA,Text (multivalue; separated)
515,Arterial access,2. LFA,Text (multivalue; separated)
515,Arterial access,3. RBA,Text (multivalue; separated)
515,Arterial access,4. LBA,Text (multivalue; separated)
515,Arterial access,5. RRA,Text (multivalue; separated)
515,Arterial access,6. LRA,Text (multivalue; separated)
515,Arterial access,8. Other,Text (multivalue; separated)
515,Arterial access,9. Unknown,Text (multivalue; separated)
516,Largest balloon/stent used,,Numeric (Real)
517,Longest stented / treated segment,,Numeric (Real)
518,Procedural Complication,0. None,Text (multivalue; separated)
518,Procedural Complication,1. Side branch occlusion,Text (multivalue; separated)
518,Procedural Complication,2. Coronary dissection,Text (multivalue; separated)
518,Procedural Complication,3. Aortic dissection,Text (multivalue; separated)
518,Procedural Complication,4. Coronary perforation,Text (multivalue; separated)
518,Procedural Complication,5. Heart block requiring pacing,Text (multivalue; separated)
518,Procedural Complication,6. DC cardioversion,Text (multivalue; separated)
518,Procedural Complication,7. No flow/slow flow phenomenon,Text (multivalue; separated)
518,Procedural Complication,8. Ventilated,Text (multivalue; separated)
518,Procedural Complication,9. Shock induced by procedure,Text (multivalue; separated)
518,Procedural Complication,99. Unlisted,Text (multivalue; separated)
519,Arterial Complications,0. None,Text (multivalue; separated)
519,Arterial Complications,1. False aneurysm - conservative management,Text (multivalue; separated)
519,Arterial Complications,2. False aneurysm - compression,Text (multivalue; separated)
519,Arterial Complications,3. False aneurysm - thrombin injection,Text (multivalue; separated)
519,Arterial Complications,4. False aneurysm - surgical management,Text (multivalue; separated)
519,Arterial Complications,5. Haemorrhage - no haematoma,Text (multivalue; separated)
519,Arterial Complications,6. Haemorrhage - delayed discharge,Text (multivalue; separated)
519,Arterial Complications,7. Haemorrhage - surgery required,Text (multivalue; separated)
519,Arterial Complications,8. Haemorrhage - retroperitoneal,Text (multivalue; separated)
519,Arterial Complications,9. Arterial occlusion,Text (multivalue; separated)
519,Arterial Complications,10. Arterial dissection,Text (multivalue; separated)
519,Arterial Complications,11. Any other surgical intervention,Text (multivalue; separated)
519,Arterial Complications,99. Unlisted,Text (multivalue; separated)
520,Time to bypass,,Numeric (integer)
521,Patient status during transfer to theatre,0. Not transferred to theatre,Text (single value)
521,Patient status during transfer to theatre,1. External massage,Text (single value)
521,Patient status during transfer to theatre,2. Haemodynamically unstable,Text (single value)
521,Patient status during transfer to theatre,3. Haemodynamically stable,Text (single value)
521,Patient status during transfer to theatre,9. Unknown,Text (single value)
522,Why no IIb/IIIA during procedure,0. GP IIB/IIIA drug used,Text (single value)
522,Why no IIb/IIIA during procedure,1. Good result in low risk patient,Text (single value)
522,Why no IIb/IIIA during procedure,2. Recent lysis (<24hrs),Text (single value)
522,Why no IIb/IIIA during procedure,3. Recent haemorrhagic problem,Text (single value)
522,Why no IIb/IIIA during procedure,4. Haematological contraindication,Text (single value)
522,Why no IIb/IIIA during procedure,5. Previous adverse reaction,Text (single value)
522,Why no IIb/IIIA during procedure,9. Unlisted,Text (single value)
523,Indication for stent,0. Not applicable,Text (single value)
523,Indication for stent,1. Stent used - Elective,Text (single value)
523,Indication for stent,2. Stent used - Sub optimal result,Text (single value)
523,Indication for stent,3. Stent used - Bail out,Text (single value)
523,Indication for stent,4. Stent not used - small vessel,Text (single value)
523,Indication for stent,5. Stent not used - deployment not possible,Text (single value)
523,Indication for stent,6. Stent not used - side branch/bifurcation,Text (single value)
523,Indication for stent,7. Stent not used - lesion too long,Text (single value)
523,Indication for stent,8. Stent not used - danger of losing side branch,Text (single value)
523,Indication for stent,9. Stent not used - other,Text (single value)
524,Surgical cover,0. None,Text (single value)
524,Surgical cover,1. Off site,Text (single value)
524,Surgical cover,2. Informal on site,Text (single value)
524,Surgical cover,3. Formal on site,Text (single value)
524,Surgical cover,9. Unknown,Text (single value)
525,Left Main Stem Protected,0. No,Text (single value)
525,Left Main Stem Protected,1. Yes,Text (single value)
528,Referring Hospital,,Text (single value)
529,"Date/time of ECG triggering PPCI pathway (only for those developing STEMI while in hospital, that is patients in Q 5.3 who fulfill criteria for options 2 and 3)",,DateTime (dd/mm/yyyy hh:mm)
530,Patient location at time of STEMI onset (for patients treated for acute STEMI only),"1. Onset of STEMI while patient not in hospital (STE on first ECG)
",Text (single value)
530,Patient location at time of STEMI onset (for patients treated for acute STEMI only),2. STE first recorded on a subsequent ECG in (or before arrival at) a non-interventional hospital,Text (single value)
530,Patient location at time of STEMI onset (for patients treated for acute STEMI only),"3.  STE first recorded on a subsequent ECG in (or before arrival at) the interventional hospital
 ",Text (single value)
530,Patient location at time of STEMI onset (for patients treated for acute STEMI only),9. Unknown,Text (single value)
531,Consultant responsible for procedure GMC Number,,Numeric (integer)
532,Primary Operator GMC number,,Numeric (integer)
533,Second Operator GMC number,,Numeric (integer)
534,Third Operator GMC number,,Numeric (integer)
535,Creatinine,,Numeric (integer)
601,PCI for stent thrombosis,0. No,Text (single value)
601,PCI for stent thrombosis,1. Yes-acute,Text (single value)
601,PCI for stent thrombosis,2. Yes-late,Text (single value)
601,PCI for stent thrombosis,3. Yes-very late,Text (single value)
602,Bleeding up to discharge,0. Type 0,Text (single value)
602,Bleeding up to discharge,1. Type 1,Text (single value)
602,Bleeding up to discharge,2. Type 2,Text (single value)
602,Bleeding up to discharge,3. Type 3a,Text (single value)
602,Bleeding up to discharge,4. Type 3b,Text (single value)
602,Bleeding up to discharge,5. Type 3c,Text (single value)
602,Bleeding up to discharge,6. Type 4,Text (single value)
602,Bleeding up to discharge,7. Type 5a,Text (single value)
602,Bleeding up to discharge,8. Type 5b,Text (single value)
602,Bleeding up to discharge,99. Unknown,Text (single value)
603,Out Of Hospital Cardiac Arrest,0. No,Text (single value)
603,Out Of Hospital Cardiac Arrest,1. Yes,Text (single value)
603,Out Of Hospital Cardiac Arrest,9. Unknown,Text (single value)
605,Ventilation,0. None,Text (single value)
605,Ventilation,1. Ventilated before PCI: Established-Intensive care patient,Text (single value)
605,Ventilation,2. Ventilated before PCI: Established-patient from other GA intervention,Text (single value)
605,Ventilation,3. Ventilated before PCI: Acute following arrest event–initiated before arrival to PCI team,Text (single value)
605,Ventilation,4. Ventilated before PCI: Acute following arrest event–initiated by PCI team,Text (single value)
605,Ventilation,5. Ventilated during PCI: Acute after start of PCI procedure,Text (single value)
605,Ventilation,6. Ventilated after PCI: Acute after completion of PCI procedure  ,Text (single value)
605,Ventilation,9. Not applicable,Text (single value)
606,Arterial blood gas on arrival in cath lab: pH,,Numeric (real)
607,Arterial blood gas on arrival in cath lab: Lactate,,Numeric (real)
608,Arterial blood gas on arrival in cath lab: Base excess,,Numeric (real)
609,Glasgow Coma Scale on arrival in cath lab,,Numeric (integer)
610,Therapeutic Hypothermia,0. None,Text (multivalue; separated)
610,Therapeutic Hypothermia,1. Femoral vein catheter,Text (multivalue; separated)
610,Therapeutic Hypothermia,2. Cold intravenous fluid,Text (multivalue; separated)
610,Therapeutic Hypothermia,3. Nasal,Text (multivalue; separated)
610,Therapeutic Hypothermia,4. External cooling pads / blankets / wraps ,Text (multivalue; separated)
610,Therapeutic Hypothermia,5. Cooling caps,Text (multivalue; separated)
610,Therapeutic Hypothermia,8. Other,Text (multivalue; separated)
